City_ID,City,Lat,Lng,Max Temp,Humidity,Cloudiness,Wind Speed,Country,Date
0,adamstown,-25.066,-130.1015,24.39,79,100,6.36,PN,1707178724
1,fale old settlement,-9.3852,-171.2468,28.85,79,92,11.97,TK,1707178754
2,port-aux-francais,-49.35,70.2167,6.11,78,98,12.71,TF,1707178722
3,port mathurin,-19.6833,63.4167,25.69,68,72,7.05,MU,1707178741
4,ad dabbah,18.05,30.95,15.1,19,87,6.37,SD,1707178881
5,arkhangel'sk,64.5401,40.5433,-24.93,82,0,1.0,RU,1707178746
6,puerto natales,-51.7236,-72.4875,10.44,72,56,0.11,CL,1707178738
7,bredasdorp,-34.5322,20.0403,21.33,80,22,1.35,ZA,1707178742
8,margaret river,-33.95,115.0667,16.36,63,49,3.99,AU,1707178762
9,edinburgh of the seven seas,-37.0676,-12.3116,15.71,63,1,1.46,SH,1707178732
10,iqaluit,63.7506,-68.5145,-17.15,77,75,1.54,CA,1707178807
11,lebu,-37.6167,-73.65,17.41,90,87,3.08,CL,1707178748
12,flin flon,54.7682,-101.865,-0.09,100,100,3.09,CA,1707178752
13,jamestown,42.097,-79.2353,-0.23,84,100,4.12,US,1707178728
14,marbella,36.5154,-4.8858,12.92,58,100,1.82,ES,1707178883
15,invercargill,-46.4,168.35,18.9,90,100,1.79,NZ,1707178710
16,college,64.8569,-147.8028,-12.89,73,40,1.54,US,1707178736
17,albany,42.6001,-73.9662,-0.91,48,1,0.45,US,1707178722
18,thunder bay,48.4001,-89.3168,0.99,93,75,2.57,CA,1707178884
19,morant bay,17.8815,-76.4093,25.79,89,38,7.24,JM,1707178884
20,grytviken,-54.2811,-36.5092,6.42,80,92,6.6,GS,1707178725
21,ancud,-41.8697,-73.8203,15.04,90,90,3.13,CL,1707178731
22,cabugao,17.7931,120.4578,27.16,69,56,1.3,PH,1707178885
23,georgetown,5.4112,100.3354,26.96,83,20,1.54,MY,1707178581
24,baley,51.6,116.6333,-27.69,98,15,0.61,RU,1707178886
25,puerto baquerizo moreno,-0.9,-89.6,25.45,81,37,4.71,EC,1707178886
26,waitangi,-43.9535,-176.5597,18.79,87,98,7.79,NZ,1707178724
27,puerto ayora,-0.7393,-90.3518,25.86,94,73,0.89,EC,1707178739
28,nova sintra,14.8667,-24.7167,20.95,67,0,7.75,CV,1707178773
29,whitehorse,60.7161,-135.0538,-19.57,92,100,1.54,CA,1707178749
30,weno,7.4515,151.8468,29.97,66,40,6.69,FM,1707178782
31,ust-nera,64.5667,143.2,-29.14,84,100,0.51,RU,1707178771
32,sholokhovskiy,48.2807,41.0459,0.3,83,100,7.13,RU,1707178888
33,blackmans bay,-43.0167,147.3167,18.18,47,46,1.34,AU,1707178734
34,malango,-2.9627,119.9001,22.79,85,99,0.85,ID,1707178889
35,rosarito,32.3333,-117.0333,14.71,83,100,6.28,MX,1707178889
36,cabo san lucas,22.8909,-109.9124,28.12,36,20,5.14,MX,1707178761
37,kodiak,57.79,-152.4072,3.73,60,0,7.2,US,1707178781
38,mana,5.6592,-53.7767,26.21,86,100,4.75,GF,1707178890
39,chonchi,-42.6128,-73.8092,18.56,72,63,1.26,CL,1707178749
40,dudinka,69.4058,86.1778,-25.18,97,78,1.79,RU,1707178544
41,hilo,19.7297,-155.09,23.85,78,75,3.6,US,1707178770
42,la tuque,47.4334,-72.7824,-6.86,63,3,1.03,CA,1707178891
43,ribeira grande,38.5167,-28.7,17.65,93,100,5.81,PT,1707178739
44,winnemucca,40.973,-117.7357,10.03,43,100,2.06,US,1707178891
45,iringa,-7.7667,35.7,15.28,91,98,1.21,TZ,1707178892
46,papatowai,-46.5619,169.4708,20.35,62,100,3.56,NZ,1707178722
47,carnarvon,-24.8667,113.6333,28.79,32,10,10.73,AU,1707178727
48,bandarbeyla,9.4942,50.8122,24.77,77,64,5.08,SO,1707178892
49,bonthe,7.5264,-12.505,25.68,87,0,1.47,SL,1707178892
50,rongelap,11.1635,166.8941,26.53,82,80,9.23,MH,1707178851
51,vadso,70.0744,29.7487,-8.91,92,20,4.63,NO,1707178771
52,courtenay,49.6866,-124.9936,8.11,66,75,1.03,CA,1707178893
53,port douglas,-16.4833,145.4667,29.96,68,48,1.42,AU,1707178733
54,enewetak,11.3474,162.3373,26.58,72,94,7.45,MH,1707178789
55,bethel,41.3712,-73.414,2.05,45,0,5.14,US,1707178734
56,holualoa,19.6228,-155.9522,23.91,84,75,5.14,US,1707178779
57,chibuto,-24.6867,33.5306,22.11,97,13,1.39,MZ,1707178729
58,iskateley,67.6803,53.1512,-18.88,97,100,1.79,RU,1707178784
59,saint-joseph,-21.3667,55.6167,21.21,74,77,3.01,RE,1707178895
60,lamu,-2.2717,40.902,26.55,84,53,4.45,KE,1707178895
61,tralee,52.2704,-9.7026,10.57,87,100,5.97,IE,1707178895
62,revda,56.801,59.9303,-5.6,93,87,3.18,RU,1707178802
63,longyearbyen,78.2186,15.6401,-4.09,74,40,5.14,SJ,1707178730
64,udachny,66.4167,112.4,-23.64,76,100,1.8,RU,1707178783
65,islamkot,24.6997,70.177,18.54,62,35,2.76,PK,1707178896
66,necochea,-38.5473,-58.7368,22.65,61,97,7.93,AR,1707178896
67,saint-pierre,-21.3393,55.4781,21.82,68,0,2.57,RE,1707178776
68,afaahiti,-17.75,-149.2833,23.93,89,100,9.77,PF,1707178791
69,tindouf,27.6711,-8.1474,12.25,40,0,3.09,DZ,1707178897
70,tsu,34.7303,136.5086,7.92,81,12,5.68,JP,1707178810
71,tocopilla,-22.092,-70.1979,23.85,71,1,0.54,CL,1707178897
72,inongo,-1.95,18.2667,22.14,92,99,2.78,CD,1707178898
73,santarem,-2.4431,-54.7083,28.07,83,0,2.06,BR,1707178898
74,taroa,8.7058,171.2275,27.37,78,100,7.73,MH,1707178898
75,vernon,50.2581,-119.2691,2.01,93,100,0.51,CA,1707178726
76,selfoss,63.9331,-20.9971,-13.26,85,3,4.11,IS,1707178844
77,hobyo,5.3505,48.5268,25.85,79,86,7.09,SO,1707178900
78,kenai,60.5544,-151.2583,-4.95,92,100,6.17,US,1707178900
79,prokop'yevsk,53.9059,86.719,-12.0,91,96,2.2,RU,1707178900
80,kirovskiy,45.0917,133.5136,-20.18,98,94,1.15,RU,1707178900
81,oroqen zizhiqi,50.5667,123.7167,-22.02,94,6,1.6,CN,1707178901
82,newman,37.3138,-121.0208,14.52,76,100,2.24,US,1707178770
83,san patricio,28.017,-97.5169,17.13,64,67,4.72,US,1707178801
84,boguchany,58.3814,97.4531,-12.23,99,95,1.51,RU,1707178901
85,jilove,50.7608,14.1038,9.12,74,99,6.06,CZ,1707178901
86,tiksi,71.6872,128.8694,-32.25,97,62,1.27,RU,1707178735
87,isafjordur,66.0755,-23.124,-8.39,77,100,5.12,IS,1707178723
88,new norfolk,-42.7826,147.0587,18.84,36,52,3.1,AU,1707178902
89,luanda,-8.8368,13.2343,28.0,89,75,2.06,AO,1707178761
90,arteche,12.2645,125.4048,26.16,84,100,4.76,PH,1707178902
91,malmberget,67.1753,20.6549,-11.69,85,75,1.54,SE,1707178903
92,tazovsky,67.4667,78.7,-25.2,100,72,4.15,RU,1707178744
93,kudahuvadhoo,2.6708,72.8944,27.63,80,79,7.22,MV,1707178903
94,susuman,62.7833,148.1667,-28.9,89,100,1.34,RU,1707178748
95,alice springs,-23.7,133.8833,28.45,28,3,7.72,AU,1707178691
96,promyshlennaya,54.9159,85.6385,-5.47,91,66,3.55,RU,1707178904
97,daura,11.5538,11.4085,17.08,21,54,4.73,NG,1707178904
98,happy valley-goose bay,53.3168,-60.3315,-12.83,78,75,4.63,CA,1707178754
99,lionel town,17.8101,-77.2406,25.94,86,43,6.13,JM,1707178803
100,shingu,33.7333,135.9833,7.39,71,29,3.18,JP,1707178905
101,ushuaia,-54.8,-68.3,10.81,54,0,4.12,AR,1707178737
102,olyokminsk,60.3736,120.4264,-21.98,94,93,0.93,RU,1707178905
103,hermanus,-34.4187,19.2345,21.56,86,40,2.22,ZA,1707178730
104,antalaha,-14.9003,50.2788,24.77,90,98,1.32,MG,1707178905
105,karratha,-20.7377,116.8463,28.98,58,14,3.28,AU,1707178812
106,domna,51.8971,113.1573,-30.91,69,20,0.0,RU,1707178906
107,hadibu,12.65,54.0333,24.24,77,6,3.09,YE,1707178761
108,uige,-7.6087,15.0613,19.69,97,99,0.21,AO,1707178906
109,shasta lake,40.6804,-122.3708,13.4,65,100,1.79,US,1707178907
110,scone,56.4194,-3.4051,9.05,82,100,1.79,GB,1707178907
111,yellowknife,62.456,-114.3525,-23.58,77,20,0.0,CA,1707178741
112,nouadhibou,20.931,-17.0347,20.99,40,8,4.63,MR,1707178761
113,kerikeri,-35.2268,173.9474,23.82,54,7,3.23,NZ,1707178608
114,pierre,44.3683,-100.351,7.14,81,0,4.12,US,1707178908
115,mejit,10.2753,170.8646,26.85,80,79,8.62,MH,1707178908
116,yuzhno-kurilsk,44.0306,145.8556,-5.9,60,73,6.3,RU,1707178763
117,defiance,41.3334,-84.45,1.15,93,0,0.0,US,1707178908
118,olonkinbyen,70.9221,-8.7187,-1.58,71,63,6.77,SJ,1707178733
119,mount gambier,-37.8333,140.7667,18.78,42,4,3.56,AU,1707178636
120,kingston,17.997,-76.7936,26.23,94,75,4.63,JM,1707178783
121,avarua,-21.2078,-159.775,29.03,84,20,6.17,CK,1707178755
122,sainte-suzanne,-20.9061,55.6089,22.12,68,0,2.57,RE,1707178909
123,dire,12.2833,-10.9667,26.46,15,0,1.26,ML,1707178910
124,afumati,44.5167,26.2667,11.62,66,0,5.14,RO,1707178910
125,mar del plata,-38.0023,-57.5575,21.64,83,75,10.28,AR,1707178817
126,mildura,-34.2,142.15,20.04,44,0,8.39,AU,1707178821
127,puerto aysen,-45.4,-72.7,15.18,77,37,2.09,CL,1707178910
128,lerwick,60.1545,-1.1494,4.0,87,99,12.33,GB,1707178911
129,vila franca do campo,37.7167,-25.4333,18.27,99,95,6.09,PT,1707178821
130,jhusi,25.4333,81.9333,14.49,94,71,1.42,IN,1707178911
131,saipan,15.1355,145.701,27.39,65,75,6.17,MP,1707178800
132,constantia,44.1833,28.65,8.38,77,54,7.61,RO,1707178777
133,qaqortoq,60.7167,-46.0333,-21.09,70,0,2.98,GL,1707178738
134,flying fish cove,-10.4217,105.6791,24.82,94,99,0.0,CX,1707178755
135,paita,-5.0892,-81.1144,24.98,85,94,3.06,PE,1707178854
136,ballina,-28.8667,153.5667,31.55,61,70,3.94,AU,1707178712
137,island harbour,50.724,-1.2758,11.69,89,100,4.47,GB,1707178848
138,port elizabeth,-33.918,25.5701,21.72,94,100,5.14,ZA,1707178470
139,general levalle,-34.0147,-63.9241,28.68,71,62,3.79,AR,1707178913
140,acarau,-2.8856,-40.12,27.68,80,23,7.52,BR,1707178913
141,kapuskasing,49.4169,-82.4331,-2.95,93,100,2.57,CA,1707178765
142,grivenskaya,45.6473,38.176,5.4,69,86,10.23,RU,1707178914
143,fort abbas,29.1925,72.8536,10.91,52,3,3.55,PK,1707178914
144,dame-marie,18.5667,-74.4167,25.06,83,27,8.13,HT,1707178914
145,motilla del palancar,39.5709,-1.9068,5.89,50,100,3.09,ES,1707178915
146,bar-sur-aube,48.25,4.5833,5.4,87,73,4.65,FR,1707178915
147,taulaga,-11.0553,-171.0883,28.88,80,96,10.67,AS,1707178806
148,crane,31.3974,-102.3501,14.62,39,13,0.65,US,1707178832
149,st. john's,47.5649,-52.7093,1.55,97,100,9.26,CA,1707178824
150,kerema,-7.9631,145.7785,29.26,70,92,1.82,PG,1707178916
151,west island,-12.1568,96.8225,27.99,83,93,2.57,CC,1707178749
152,tosontsengel,48.7567,98.2839,-27.98,97,100,0.23,MN,1707178916
153,tsiombe,-25.3,45.4833,22.58,91,100,3.47,MG,1707178744
154,damboa,11.156,12.7576,18.81,23,89,3.08,NG,1707178916
155,hassi messaoud,31.6804,6.0729,7.92,57,0,0.0,DZ,1707178917
156,mount isa,-20.7333,139.5,31.87,62,62,3.09,AU,1707178785
157,minas de marcona,-15.2119,-75.1103,20.12,83,43,4.03,PE,1707178762
158,puerto deseado,-47.7503,-65.8938,17.4,60,1,7.85,AR,1707178918
159,vilyuchinsk,52.9306,158.4028,-8.85,70,78,3.11,RU,1707178740
160,smithers,54.7804,-127.1743,-4.82,80,75,1.03,CA,1707178738
161,nar'yan-mar,67.6713,53.087,-18.83,97,100,1.79,RU,1707178919
162,medicine hat,50.0501,-110.6683,-6.82,85,100,1.54,CA,1707178919
163,vorgashor,67.5833,63.95,-24.99,98,40,2.56,RU,1707178866
164,midvagur,62.0511,-7.1939,0.46,80,100,9.26,FO,1707178919
165,bilibino,68.0546,166.4372,-34.13,99,99,0.72,RU,1707178727
166,guerrero negro,27.9769,-114.0611,18.71,56,93,3.83,MX,1707178920
167,kidal,18.4411,1.4078,16.35,17,90,5.82,ML,1707178921
168,shimoda,34.6667,138.95,7.2,93,100,6.62,JP,1707178864
169,smirnovo,54.5125,69.4222,0.75,90,100,8.42,KZ,1707178921
170,hammerfest,70.6634,23.6821,-10.23,88,50,3.93,NO,1707178815
171,dubbo,-32.25,148.6167,23.07,94,100,4.63,AU,1707178726
172,ulsteinvik,62.3432,5.8487,-1.93,93,88,2.24,NO,1707178922
173,luderitz,-26.6481,15.1594,18.33,90,1,2.66,NA,1707178734
174,kumi,36.1136,128.336,1.82,92,100,0.72,KR,1707178809
175,kamaishi,39.2667,141.8833,0.87,64,100,3.29,JP,1707178688
176,waingapu,-9.6567,120.2641,27.45,76,57,2.66,ID,1707178837
177,dakhla,23.6848,-15.958,20.09,41,38,6.35,EH,1707178812
178,corunna,42.982,-84.1178,1.06,93,100,0.0,US,1707178924
179,lauro de freitas,-12.8944,-38.3272,28.01,74,20,5.66,BR,1707178924
180,hawaiian paradise park,19.5933,-154.9731,23.73,75,75,3.6,US,1707178736
181,badger,64.8,-147.5333,-12.94,76,40,1.54,US,1707178732
182,sligo,54.2697,-8.4694,10.38,90,100,8.82,IE,1707178925
183,tosya,41.0155,34.0401,5.62,93,96,2.76,TR,1707178925
184,kone,-21.0595,164.8658,25.84,92,100,2.55,NC,1707178823
185,aasiaat,68.7098,-52.8699,-29.67,87,22,3.76,GL,1707178751
186,wailua homesteads,22.0669,-159.378,25.24,68,100,9.26,US,1707178746
187,prado,-17.3411,-39.2208,25.46,89,69,2.55,BR,1707178926
188,sogod,10.3847,124.9814,26.28,84,100,1.43,PH,1707178927
189,tolanaro,-25.0319,46.9987,23.34,92,100,5.58,MG,1707178825
190,malpica,43.3228,-8.8105,10.19,69,100,1.59,ES,1707178927
191,karacabey,40.2152,28.4038,9.19,79,8,2.76,TR,1707178928
192,thames,-37.1333,175.5333,25.39,50,1,1.22,NZ,1707178928
193,angaur state,6.906,134.13,27.19,85,100,7.28,PW,1707178766
194,ankang,32.68,109.0172,1.08,74,99,0.73,CN,1707178928
195,suva,-18.1416,178.4415,28.71,79,75,2.06,FJ,1707178929
196,punta arenas,-53.15,-70.9167,12.06,58,75,6.69,CL,1707178739
197,mukalla,14.5425,49.1242,22.43,77,14,1.26,YE,1707178929
198,westport,41.1415,-73.3579,2.99,42,0,5.66,US,1707178849
199,klyuchi,52.2667,79.1667,-9.28,90,82,4.21,RU,1707178735
200,barabai,-2.5833,115.3833,25.7,82,94,0.48,ID,1707178930
201,namtsy,62.7161,129.6658,-43.5,100,71,0.13,RU,1707178930
202,g'uzor,38.6214,66.2522,6.02,32,94,5.86,UZ,1707178930
203,uyuni,-20.4597,-66.825,13.82,52,92,8.94,BO,1707178849
204,bikenibeu village,1.3673,173.1241,28.45,78,87,5.7,KI,1707178931
205,kulhudhuffushi,6.6221,73.07,27.65,77,31,4.67,MV,1707178726
206,rio grande,-32.035,-52.0986,25.06,81,79,6.22,BR,1707178663
207,gadzhiyevo,69.2551,33.3362,-19.39,100,99,3.21,RU,1707178731
208,khash,28.2211,61.2158,6.26,51,5,0.49,IR,1707178747
209,zhuanghe,39.7008,122.9911,-8.35,76,8,2.69,CN,1707178932
210,tofol,5.3248,163.0078,29.88,70,75,6.17,FM,1707178932
211,santa maria huatulco,15.8436,-96.3267,26.37,74,20,3.6,MX,1707178932
212,hasaki,35.7333,140.8333,4.05,79,100,10.27,JP,1707178806
213,rikaze,29.25,88.8833,-4.42,32,0,0.77,CN,1707178933
214,tam ky,15.5667,108.4833,22.23,90,2,1.39,VN,1707178888
215,tekeli,44.83,78.8239,-6.24,58,74,4.5,KZ,1707178933
216,papao,-17.75,-149.55,24.82,83,100,10.53,PF,1707178933
217,ilulissat,69.2167,-51.1,-20.99,54,2,2.06,GL,1707178751
218,margate,51.3813,1.3862,11.06,80,100,6.26,GB,1707178858
219,gizo,-8.103,156.8419,28.74,79,88,6.63,SB,1707178934
220,sao domingos do maranhao,-5.5758,-44.3853,24.42,74,77,1.42,BR,1707178935
221,gur'yevsk,54.2833,85.9333,-8.06,88,97,3.02,RU,1707178935
222,fu'an,27.0892,119.6453,9.22,91,100,1.4,CN,1707178936
223,igarka,67.4667,86.5833,-26.36,98,42,2.72,RU,1707178836
224,stanley,54.868,-1.6985,10.43,81,75,6.17,GB,1707178786
225,ketchikan,55.3422,-131.6461,4.08,81,20,4.63,US,1707178824
226,auki,-8.7676,160.7034,28.5,84,93,6.97,SB,1707178937
227,mugia,43.1041,-9.2179,10.09,75,99,0.8,ES,1707178760
228,ione,38.3527,-120.9327,15.05,93,100,2.57,US,1707178937
229,ta`u,-14.2336,-169.5144,28.23,75,98,2.14,AS,1707178937
230,kailua-kona,19.6406,-155.9956,25.98,83,75,5.14,US,1707178938
231,shitanjing,39.2342,106.3439,-10.5,81,4,0.67,CN,1707178938
232,la ronge,55.1001,-105.2842,-4.86,80,100,4.63,CA,1707178787
233,port macquarie,-31.4333,152.9167,31.05,62,62,5.2,AU,1707178827
234,loiza,18.4313,-65.8802,28.05,80,40,3.09,PR,1707178939
235,tura,25.5198,90.2201,12.48,74,65,1.07,IN,1707178831
236,taishan,22.2514,112.7799,18.81,82,100,2.02,CN,1707178939
237,turabah,21.2141,41.6331,14.4,57,67,2.39,SA,1707178939
238,nuku'alofa,-21.1333,-175.2,26.5,74,86,8.46,TO,1707178716
239,dalby,-27.1833,151.2667,28.86,53,84,2.34,AU,1707178940
240,lazaro cardenas,17.9583,-102.2,26.24,69,1,2.68,MX,1707178940
241,galliano,29.4422,-90.2992,13.0,75,83,5.22,US,1707178940
242,atafu village,-8.5421,-172.5159,28.36,82,100,13.1,TK,1707178733
243,biysk,52.5364,85.2072,-14.38,97,77,2.36,RU,1707178702
244,svetlyy,54.675,20.1347,4.09,92,100,6.01,RU,1707178759
245,mocajuba,-2.5842,-49.5072,25.11,90,86,1.76,BR,1707178941
246,anadyr,64.75,177.4833,-22.72,77,100,8.0,RU,1707178808
247,jalal-abad,40.9333,73.0,-1.2,62,100,3.06,KG,1707178941
248,nemuro,43.3236,145.575,-7.16,72,97,5.4,JP,1707178626
249,rechytsa,52.3617,30.3916,-0.94,77,80,6.47,BY,1707178942
250,barcelos,41.5388,-8.6151,12.18,87,100,0.74,PT,1707178942
251,payyannur,12.1,75.2,22.88,74,5,1.64,IN,1707178943
252,geraldton,-28.7667,114.6,27.23,22,60,11.83,AU,1707178575
253,sopron,47.685,16.5905,13.1,51,93,1.37,HU,1707178943
254,carolina beach,34.0352,-77.8936,11.16,60,100,9.28,US,1707178943
255,porto novo,6.4965,2.6036,26.9,66,65,1.65,BJ,1707178762
256,castillos,-34.1667,-53.8333,20.52,71,66,5.23,UY,1707178845
257,northam,51.0333,-4.2167,13.14,96,100,10.77,GB,1707178944
258,arraial do cabo,-22.9661,-42.0278,24.98,88,40,2.06,BR,1707178779
259,morehead city,34.7229,-76.726,9.02,67,75,5.81,US,1707178867
260,mount pearl,47.5166,-52.7813,1.09,98,100,9.26,CA,1707178743
261,ende,-8.8432,121.6623,27.85,79,77,2.35,ID,1707178945
262,tromso,69.6496,18.957,-6.99,68,20,1.54,NO,1707178945
263,jayapura,-2.5333,140.7,30.66,72,93,2.47,ID,1707178661
264,senj,44.9894,14.9058,11.51,94,68,1.67,HR,1707178946
265,swakopmund,-22.6833,14.5333,19.47,82,32,1.91,NA,1707178773
266,diez,50.3667,8.0167,8.46,85,88,5.99,DE,1707178946
267,hagere selam,6.4833,38.5167,8.89,88,54,2.06,ET,1707178946
268,buon ma thuot,12.6667,108.05,18.88,88,28,1.59,VN,1707178819
269,port alfred,-33.5906,26.891,20.66,96,7,1.34,ZA,1707178745
270,talnakh,69.4865,88.3972,-24.6,89,76,2.38,RU,1707178743
271,kamina,-8.7386,24.9906,19.03,84,98,0.76,CD,1707178947
272,gamba,-2.65,10.0,24.71,87,88,4.12,GA,1707178947
273,zempoala,19.45,-96.4167,23.28,53,54,6.01,MX,1707178948
274,whangarei,-35.7317,174.3239,27.09,42,4,1.68,NZ,1707178747
275,polyarnyy,69.1989,33.4478,-18.48,100,98,3.37,RU,1707178750
276,fuglafjordur,62.244,-6.814,0.26,70,100,14.26,FO,1707178948
277,eureka,40.8021,-124.1637,10.11,96,100,4.39,US,1707178797
278,al jawf,29.5,38.75,8.02,53,0,3.73,SA,1707178949
279,asosa,10.0667,34.5333,18.41,36,40,2.08,ET,1707178949
280,i-n-salah,27.1935,2.4607,14.03,31,25,6.36,DZ,1707178781
281,pistoia,43.9667,10.8333,9.25,89,90,0.89,IT,1707178949
282,makokou,0.5738,12.8642,22.73,89,67,1.34,GA,1707178842
283,kavieng,-2.5744,150.7967,29.17,74,79,2.61,PG,1707178737
284,baruun-urt,46.6806,113.2792,-24.7,85,46,1.66,MN,1707178950
285,lihue,21.9789,-159.3672,25.58,67,100,9.26,US,1707178790
286,springbok,-29.6643,17.8865,16.87,56,2,0.61,ZA,1707178951
287,ostrov,57.3439,28.3537,-2.15,91,65,4.52,RU,1707178951
288,orkney,-26.9802,26.6727,20.74,27,32,2.31,ZA,1707178951
289,taltal,-25.4,-70.4833,21.98,80,4,1.71,CL,1707178952
290,winslow,35.0242,-110.6974,16.1,18,0,6.69,US,1707178952
291,lompoc,34.6391,-120.4579,15.4,77,100,3.09,US,1707178952
292,akureyri,65.6835,-18.0878,-12.04,85,75,4.63,IS,1707178772
293,kongolo,-5.3833,27.0,20.95,98,100,1.16,CD,1707178953
294,arecibo,18.4724,-66.7157,27.79,79,99,3.03,PR,1707178953
295,xilin hot,43.9667,116.0333,-16.78,97,95,1.67,CN,1707178953
296,gilmer,32.7287,-94.9424,16.0,47,0,1.54,US,1707178953
297,nadym,65.5333,72.5167,-20.66,97,90,5.71,RU,1707178954
298,alaghsas,17.0187,8.0168,17.42,15,99,8.67,NE,1707178954
299,rifle,39.5347,-107.7831,8.33,53,0,2.57,US,1707178954
300,ad dilam,23.9915,47.1627,14.23,43,100,1.28,SA,1707178955
301,tidjikja,18.5564,-11.4271,19.7,9,0,6.71,MR,1707178798
302,quartu sant'elena,39.2419,9.1839,11.13,72,7,4.12,IT,1707178742
303,utrik,11.2278,169.8474,26.44,82,37,9.21,MH,1707178768
304,east tamworth,-31.0894,150.9436,28.77,51,75,6.69,AU,1707178956
305,khovd,48.0056,91.6419,-20.63,90,27,0.6,MN,1707178956
306,ust'-ilimsk,58.0006,102.6619,-7.65,81,100,4.02,RU,1707178864
307,portland,45.5234,-122.6762,9.54,93,100,5.14,US,1707178598
308,las lomitas,-24.7096,-60.593,32.47,38,88,4.09,AR,1707178957
309,brezina,33.0989,1.2608,6.67,46,76,1.54,DZ,1707178957
310,hanceville,34.0607,-86.7675,12.95,78,25,2.63,US,1707178957
311,vilkaviskis,54.6517,23.0322,0.74,86,100,4.16,LT,1707178958
312,shengli,37.4564,118.4856,-3.34,59,3,0.94,CN,1707178958
313,los altos hills,37.3797,-122.1375,14.98,78,100,3.09,US,1707178958
314,la passe,45.5549,-0.8967,6.13,87,100,2.44,FR,1707178779
315,santo antonio do ica,-3.1022,-67.9397,24.96,91,62,0.43,BR,1707178959
316,cestos city,5.46,-9.5828,26.94,88,42,2.73,LR,1707178959
317,uzgen,40.7699,73.3007,-2.84,61,100,2.38,KG,1707178959
318,waitara,-38.925,174.25,24.72,69,2,3.03,NZ,1707178959
319,kiruna,67.8557,20.2251,-10.49,85,100,1.03,SE,1707178960
320,greenville,35.6127,-77.3663,9.09,56,0,3.6,US,1707178960
321,quesnel,52.9999,-122.5029,-1.72,69,100,3.09,CA,1707178960
322,sierra grande,-41.606,-65.3557,26.7,30,88,5.33,AR,1707178960
323,la sarre,48.8002,-79.1996,-2.19,84,100,1.19,CA,1707178961
324,codrington,-38.2667,141.9667,18.0,49,4,5.65,AU,1707178763
325,antsiranana,-12.2787,49.2917,24.19,93,76,1.97,MG,1707178961
326,manay,7.215,126.5397,25.43,78,100,1.34,PH,1707178961
327,puerto boyaca,5.9758,-74.5885,25.25,86,65,1.3,CO,1707178961
328,carutapera,-1.195,-46.02,25.61,90,33,2.91,BR,1707178962
329,odate,40.2686,140.5683,-1.92,59,40,3.09,JP,1707178905
330,mangai,-4.05,19.5333,20.94,97,87,0.13,CD,1707178962
331,fada,9.5667,8.3,19.97,21,15,4.56,NG,1707178868
332,alofi,-19.0595,-169.9187,28.94,74,40,5.66,NU,1707178768
333,fort wellington,6.4,-57.6,26.89,82,95,6.25,GY,1707178963
334,aykhal,66.0,111.5,-20.89,99,100,2.35,RU,1707178772
335,luuq,3.7938,42.5445,28.02,48,88,6.41,SO,1707178963
336,bandarban,22.1965,92.2262,16.84,75,0,1.11,BD,1707178963
337,el granada,37.5027,-122.4694,15.38,77,75,3.6,US,1707178964
338,ixtapa,20.7,-105.2,25.57,57,0,2.06,MX,1707178964
339,buka,40.8108,69.1986,5.29,38,100,2.19,UZ,1707178722
340,kuta,-8.7233,115.1723,28.97,79,40,3.6,ID,1707178965
341,nsanje,-16.92,35.262,24.61,87,35,0.84,MW,1707178760
342,egilsstadir,65.2653,-14.3948,-10.05,73,0,2.06,IS,1707178732
343,colonia,50.9333,6.95,9.98,78,100,4.12,DE,1707178621
344,lezhe,41.7836,19.6436,4.18,81,10,2.01,AL,1707178966
345,fisterra,42.9049,-9.2629,10.01,74,99,0.62,ES,1707178966
346,la rioja,42.25,-2.5,1.88,65,100,1.97,ES,1707178966
347,galesong,-5.3166,119.3661,27.01,79,91,1.61,ID,1707178966
348,namibe,-15.1961,12.1522,24.71,81,97,3.66,AO,1707178756
349,quepos,9.4236,-84.1652,26.42,84,35,2.4,CR,1707178967
350,makhalino,53.0854,46.2211,-1.22,98,100,3.02,RU,1707178967
351,yerofey pavlovich,53.9667,121.9667,-25.49,96,5,1.62,RU,1707178968
352,laojunmiao,39.8333,97.7333,-9.99,82,100,2.58,CN,1707178968
353,gorontalo,0.5412,123.0595,26.55,83,100,1.48,ID,1707178968
354,nha trang,12.25,109.1833,24.0,88,56,2.87,VN,1707178807
355,aguililla,18.7333,-102.7333,27.05,24,4,0.55,MX,1707178968
356,ji'an,27.1172,114.9793,3.24,93,100,3.02,CN,1707178969
357,san luis de la loma,17.2706,-100.8939,26.7,70,6,2.08,MX,1707178784
358,san antonio de pale,-1.4014,5.6325,27.66,74,86,1.66,GQ,1707178821
359,haiku-pauwela,20.9219,-156.3051,26.25,63,20,8.75,US,1707178766
360,hithadhoo,-0.6,73.0833,28.35,75,100,3.35,MV,1707178740
361,buckie,57.6757,-2.9624,4.84,94,100,7.23,GB,1707178970
362,east london,-33.0153,27.9116,22.91,86,0,1.94,ZA,1707178844
363,ruelle-sur-touvre,45.6833,0.2333,6.37,87,100,3.09,FR,1707178971
364,merzifon,40.8733,35.4631,3.7,70,75,1.54,TR,1707178971
365,pandan,14.0453,124.1694,26.02,84,83,6.33,PH,1707178971
366,griffith,41.5284,-87.4237,2.84,89,100,3.6,US,1707178798
367,sretensk,52.2453,117.7093,-30.59,100,55,0.57,RU,1707178972
368,vega de alatorre,20.0333,-96.6333,20.21,63,22,5.57,MX,1707178972
369,dalandzadgad,43.5708,104.425,-15.33,82,26,0.91,MN,1707178972
370,petropavlovsk-kamchatsky,53.0452,158.6483,-9.67,80,75,3.13,RU,1707178764
371,pangai,-19.8,-174.35,27.14,75,72,8.07,TO,1707178844
372,tucupita,9.0622,-62.051,27.62,74,74,3.92,VE,1707178973
373,maracaibo,10.6317,-71.6406,27.51,76,38,4.99,VE,1707178973
374,valday,57.9747,33.2525,-3.31,90,100,2.68,RU,1707178973
375,merritt,50.1123,-120.7942,0.18,75,100,0.89,CA,1707178974
376,conception bay south,47.4999,-52.9981,1.42,98,100,6.92,CA,1707178974
377,lahoysk,54.2016,27.8503,-2.0,89,89,5.66,BY,1707178974
378,peace river,56.2501,-117.286,-3.83,54,100,2.57,CA,1707178975
379,tabora,-5.0167,32.8,18.06,94,88,1.17,TZ,1707178975
380,ivankiv,50.9386,29.8943,0.37,73,98,5.9,UA,1707178975
381,vung tau,10.346,107.0843,24.9,86,14,5.78,VN,1707178533
382,grootfontein,-19.5667,18.1167,22.76,68,100,3.6,NA,1707178976
383,port antonio,18.18,-76.4612,26.64,81,33,2.96,JM,1707178976
384,opuwo,-18.0607,13.84,21.99,84,100,1.49,NA,1707178976
385,al ghayzah,16.2079,52.176,22.56,66,3,2.47,YE,1707178976
386,mayya,61.7333,130.2811,-38.38,100,100,0.75,RU,1707178977
387,bizhbulyak,53.6967,54.2642,-2.03,96,100,5.53,RU,1707178977
388,tazacorte,28.629,-17.9293,20.54,24,0,3.09,ES,1707178769
389,gaiman,-43.2897,-65.4929,28.26,24,83,6.77,AR,1707178977
390,kapa'a,22.0752,-159.319,25.99,67,100,9.26,US,1707178827
391,wynyard,-41.0,145.7167,17.65,39,0,4.0,AU,1707178740
392,thurso,58.5927,-3.5259,4.36,76,100,10.04,GB,1707178978
393,vacaria,-28.5122,-50.9339,17.52,96,95,2.15,BR,1707178978
394,nadi,-17.8,177.4167,31.0,70,75,5.14,FJ,1707178843
395,fauske,67.2588,15.3918,-4.57,85,70,3.54,NO,1707178979
396,tisnov,49.3487,16.4244,10.16,48,86,6.39,CZ,1707178979
397,pindamonhangaba,-22.9239,-45.4617,24.14,64,20,2.57,BR,1707178979
398,fort bragg,35.139,-79.006,10.46,46,0,2.57,US,1707178728
399,igrim,63.1906,64.4162,-17.37,97,100,2.06,RU,1707178795
400,okulovka,58.4008,33.2908,-3.02,96,100,2.51,RU,1707178980
401,uturoa,-16.7333,-151.4333,27.08,91,100,6.98,PF,1707178764
402,kokopo,-4.352,152.2633,29.25,68,100,2.02,PG,1707178980
403,burela de cabo,43.65,-7.4,10.01,85,100,1.82,ES,1707178981
404,taoudenni,22.6783,-3.9836,19.22,13,96,5.36,ML,1707178754
405,nizhneangarsk,55.7833,109.55,-16.11,89,100,0.45,RU,1707178981
406,hoemul-li,41.4339,129.67,-4.4,63,100,0.9,KP,1707178981
407,sechura,-5.5569,-80.8222,26.14,79,74,3.88,PE,1707178982
408,brookings,44.3114,-96.7984,3.4,87,0,4.12,US,1707178746
409,labrador city,52.9463,-66.9114,-22.05,67,0,1.03,CA,1707178983
410,navirai,-23.065,-54.1906,27.82,52,83,0.32,BR,1707178983
411,labytnangi,66.6572,66.4183,-23.79,99,100,2.79,RU,1707178762
412,urzhar,47.093,81.6294,-10.47,70,64,2.09,KZ,1707178983
413,homer,59.6425,-151.5483,2.09,89,100,4.09,US,1707178984
414,nova vicosa,-17.8919,-39.3719,25.52,88,80,3.13,BR,1707178984
415,berdigestyakh,62.0989,126.6992,-39.14,100,72,0.85,RU,1707178984
416,yuzhno-sakhalinsk,46.9581,142.7337,-20.21,77,11,1.0,RU,1707178984
417,baiona,43.4833,-1.4833,12.25,93,100,2.06,FR,1707178984
418,bantogon,6.5333,124.0333,26.25,80,92,0.55,PH,1707178985
419,nehe,48.4833,124.8333,-26.1,100,76,1.69,CN,1707178716
420,savelugu,9.6244,-0.8253,27.13,14,93,3.92,GH,1707178985
421,santander jimenez,24.2167,-98.4667,21.38,28,0,6.86,MX,1707178986
422,quellon,-43.1167,-73.6167,15.09,81,75,1.16,CL,1707178772
423,gavrilov posad,56.5597,40.1175,-6.42,99,98,2.52,RU,1707178986
424,alpine,32.835,-116.7664,12.74,93,100,2.57,US,1707178986
425,poronaysk,49.2167,143.1167,-17.18,85,12,0.74,RU,1707178987
426,thompson,55.7435,-97.8558,-1.91,100,100,2.57,CA,1707178795
427,codajas,-3.8367,-62.0569,26.29,87,81,0.79,BR,1707178987
428,oamaru,-45.0784,170.9801,22.99,60,100,1.1,NZ,1707178987
429,port hedland,-20.3167,118.5667,30.03,74,40,4.12,AU,1707178988
430,naze,28.3667,129.4833,16.51,64,4,5.69,JP,1707178910
431,sena madureira,-9.0656,-68.6569,23.88,92,15,1.39,BR,1707178988
432,champerico,14.3,-91.9167,30.3,70,3,5.66,GT,1707178735
433,queenstown,-31.8976,26.8753,17.36,85,3,0.37,ZA,1707178988
434,yamada,39.4667,141.95,0.78,64,100,2.67,JP,1707178989
435,argo,37.6333,22.7333,11.57,55,0,2.59,GR,1707178989
436,hood river,45.7054,-121.5215,8.58,94,100,0.89,US,1707178989
437,sitka,57.0531,-135.33,4.94,75,40,2.06,US,1707178737
438,remire-montjoly,4.9167,-52.2667,27.02,89,20,1.54,GF,1707178856
439,garden city,42.3256,-83.331,2.21,86,100,3.09,US,1707178990
440,budva,42.2864,18.84,4.14,100,100,0.0,ME,1707178748
441,yarmouth,41.7057,-70.2286,2.58,67,100,10.28,US,1707178991
442,fairfield,41.2668,-73.3162,2.28,46,0,5.66,US,1707178991
443,riobamba,-1.6667,-78.6333,13.23,91,99,1.47,EC,1707178989
444,las veredas,23.1388,-109.7075,28.41,35,20,5.66,MX,1707178991
445,n'zeto,-7.2312,12.8666,26.76,85,97,1.22,AO,1707178846
446,atyashevo,54.5644,46.0691,-3.76,96,100,6.37,RU,1707178992
447,marica,-22.9194,-42.8186,26.97,89,82,0.5,BR,1707178992
448,bambanglipuro,-7.95,110.2833,24.14,91,99,2.09,ID,1707178992
449,peniche,39.3558,-9.3811,13.03,96,100,1.26,PT,1707178843
450,mili,6.0815,171.735,27.53,72,95,6.94,MH,1707178847
451,bichena,10.45,38.2,15.03,54,61,1.26,ET,1707178993
452,kupang,-10.1667,123.5833,25.32,100,75,2.06,ID,1707178602
453,nyala,12.05,24.8833,18.16,16,92,8.53,SD,1707178994
454,schweizer-reneke,-27.1887,25.3293,20.02,23,28,3.61,ZA,1707178994
455,port lincoln,-34.7333,135.8667,18.15,53,0,5.02,AU,1707178494
456,severo-yeniseyskiy,60.3725,93.0408,-14.12,97,60,2.24,RU,1707178834
457,kalundborg,55.6795,11.0886,6.08,96,100,11.49,DK,1707178995
458,perryton,36.4,-100.8027,9.55,57,0,3.09,US,1707178995
459,touros,-5.1989,-35.4608,27.58,77,26,5.38,BR,1707178995
460,newport,51.5877,-2.9984,11.92,92,100,10.97,GB,1707178933
461,punta del este,-34.9667,-54.95,22.2,81,0,6.17,UY,1707178996
462,kharp,66.8014,65.8081,-22.16,99,100,1.78,RU,1707178996
463,shahrud,36.4182,54.9763,0.16,72,77,0.56,IR,1707178996
464,bardai,11.65,7.2333,17.17,16,43,6.46,NG,1707178738
465,belyy yar,53.6039,91.3903,-14.06,85,93,2.0,RU,1707178997
466,chinde,26.8418,88.0763,7.4,69,69,1.55,NP,1707178997
467,dulovo,43.8167,27.15,8.08,67,34,9.54,BG,1707178997
468,freetown,8.484,-13.2299,25.38,83,0,2.73,SL,1707178997
469,ust-tsilma,65.441,52.1498,-33.55,100,100,0.45,RU,1707178998
470,pointe-du-lac,46.2869,-72.6845,-1.06,62,0,3.6,CA,1707178998
471,zeya,53.75,127.2667,-28.62,99,76,1.03,RU,1707178998
472,caleta de carquin,-11.0925,-77.6267,24.69,78,38,3.07,PE,1707178998
473,jiamusi,46.8333,130.35,-20.24,97,49,2.52,CN,1707178999
474,lethem,3.3803,-59.7968,31.45,43,94,1.64,GY,1707178999
475,tangalle,6.024,80.7911,23.28,87,94,4.77,LK,1707178999
476,san carlos,9.6612,-68.5827,26.34,81,88,0.61,VE,1707178999
477,hawick,55.4227,-2.7867,10.32,88,100,11.19,GB,1707178999
478,vila velha,-20.3297,-40.2925,27.19,89,40,4.12,BR,1707178764
479,toamasina,-18.1667,49.3833,24.0,100,75,1.03,MG,1707179000
480,ada,43.4166,-116.1262,12.34,44,100,5.14,US,1707179000
481,ormara,25.2088,64.6357,21.66,62,88,3.23,PK,1707179000
482,ola,59.5833,151.2833,-20.9,81,100,4.42,RU,1707179001
483,tommot,58.9564,126.2925,-35.11,98,83,0.34,RU,1707179001
484,bereeda,11.8704,51.0579,24.22,81,11,1.51,SO,1707179001
485,kachkanar,58.7,59.4948,-20.93,100,100,0.5,RU,1707179002
486,novofedorivka,46.1713,32.3178,7.06,74,99,8.31,UA,1707179002
487,hastings,50.8552,0.5729,11.1,40,100,11.04,GB,1707178808
488,zhangzhou,24.5133,117.6556,12.96,81,100,2.0,CN,1707178980
489,ironwood,46.4547,-90.171,6.45,70,100,0.0,US,1707178903
490,vilyuysk,63.7553,121.6247,-38.33,100,83,1.34,RU,1707179003
491,chegdomyn,51.1167,133.0167,-27.29,99,100,0.33,RU,1707179003
492,caaguazu,-25.45,-56.0167,24.7,63,68,3.55,PY,1707179003
493,tumut,-35.3,148.2167,24.55,74,79,2.8,AU,1707179003
494,inhambane,-23.865,35.3833,24.4,88,14,0.67,MZ,1707178741
495,kurchatov,51.6601,35.6521,-2.77,94,92,5.22,RU,1707179004
496,vicam,27.6333,-110.2833,26.04,23,54,4.52,MX,1707179004
497,port augusta,-32.5,137.7667,20.81,38,0,9.48,AU,1707178805
498,viqueque,-8.8673,126.3658,27.55,80,99,0.58,TL,1707179005
499,praia da vitoria,38.7333,-27.0667,18.14,77,40,7.43,PT,1707178823
500,port isabel,26.0734,-97.2086,19.04,70,0,8.75,US,1707179005
501,nicoya,10.1483,-85.452,26.05,76,49,2.93,CR,1707179006
502,sungai penuh,-2.0833,101.3833,18.65,93,100,0.74,ID,1707179006
503,al mindak,20.1588,41.2834,12.78,89,96,1.64,SA,1707179006
504,camocim,-2.9022,-40.8411,27.58,80,28,7.44,BR,1707179006
505,san pedro pochutla,15.7333,-96.4667,26.84,71,70,2.34,MX,1707178866
506,muynoq,43.7683,59.0214,4.03,66,100,6.33,UZ,1707178742
507,bubaque,11.2833,-15.8333,26.38,74,0,4.86,GW,1707179007
508,tutoia,-2.7619,-42.2744,27.99,81,60,6.8,BR,1707179007
509,blagoveshchenka,52.8333,79.8667,-8.96,88,61,4.64,RU,1707179007
510,vegreville,53.5001,-112.0518,-6.61,79,100,1.03,CA,1707179008
511,lycksele,64.5954,18.6735,-13.07,85,75,0.51,SE,1707179008
512,keflavik,64.0049,-22.5624,-6.76,63,75,9.77,IS,1707178745
513,pechora,65.1472,57.2244,-23.97,98,99,0.89,RU,1707179008
514,katsuura,35.1333,140.3,5.01,95,100,8.82,JP,1707178806
515,mishan,45.55,131.8833,-19.0,90,66,1.19,CN,1707179009
516,florence,43.7667,11.25,12.6,86,75,2.06,IT,1707178750
517,cova figueira,14.8905,-24.2934,21.19,65,0,5.49,CV,1707179009
518,lake city,30.1897,-82.6393,11.44,87,100,3.6,US,1707179010
519,ulladulla,-35.35,150.4667,18.37,93,100,6.63,AU,1707179010
520,amantea,39.1332,16.0746,19.03,83,6,1.19,IT,1707178983
521,hamilton,39.1834,-84.5333,8.02,68,0,6.69,US,1707178510
522,sisimiut,66.9395,-53.6735,-17.94,73,14,6.36,GL,1707179011
523,chabahar,25.2919,60.643,21.15,46,92,7.3,IR,1707179011
524,west bay,19.3667,-81.4167,26.04,57,20,9.26,KY,1707179011
525,simpang,-1.2667,104.0833,24.16,96,100,0.96,ID,1707179011
526,shenjiamen,29.9576,122.298,3.02,86,100,6.23,CN,1707179012
527,amahai,-3.3333,128.9167,27.45,77,100,2.88,ID,1707178845
528,kupino,54.3663,77.2981,-5.13,86,100,6.63,RU,1707179012
529,saint-philippe,-21.3585,55.7679,21.77,73,79,3.21,RE,1707179012
530,naliya,23.2667,68.8333,19.85,82,23,3.05,IN,1707179013
531,howard springs,-12.497,131.047,31.1,80,43,3.65,AU,1707178727
532,ocos,14.5094,-92.1933,29.1,70,3,5.2,GT,1707179013
533,macas,-2.3167,-78.1167,20.56,94,99,1.13,EC,1707179014
534,ceerigaabo,10.6162,47.368,13.66,84,85,0.66,SO,1707178565
535,richards bay,-28.783,32.0377,23.26,88,94,1.62,ZA,1707179014
536,wanning,18.8003,110.3967,22.75,92,23,2.71,CN,1707178917
537,nogliki,51.8333,143.1667,-21.48,99,51,3.58,RU,1707179015
538,det udom,14.906,105.0784,23.9,67,54,3.06,TH,1707179016
539,vila do maio,15.1333,-23.2167,23.44,61,0,6.15,CV,1707179016
540,zhangjiakou,40.81,114.8794,-12.16,85,30,2.78,CN,1707179016
541,iwanai,42.9744,140.5089,-4.21,79,41,1.56,JP,1707179016
542,mansa,29.9833,75.3833,7.27,64,0,1.99,IN,1707178804
543,porbandar,21.6422,69.6093,21.52,86,2,3.78,IN,1707178792
544,turkmenbasy,40.0222,52.9552,11.43,76,0,8.23,TM,1707179017
545,soure,-0.7167,-48.5233,26.64,85,20,5.19,BR,1707178809
546,sankheda,22.1667,73.5833,18.88,60,16,1.06,IN,1707179018
547,erbil,36.1926,44.0106,6.9,100,75,1.03,IQ,1707179018
548,mersa matruh,31.3525,27.2453,14.4,83,0,5.05,EG,1707179018
549,harstad,68.799,16.5293,-2.14,94,79,3.13,NO,1707179019
550,as sulayyil,20.4607,45.5779,16.14,39,100,3.38,SA,1707179019
551,beni saf,35.301,-1.3823,11.16,67,100,1.72,DZ,1707179019
552,thinadhoo,0.5333,72.9333,28.4,75,62,4.22,MV,1707179020
553,huayin,34.5675,110.0921,-1.19,86,100,1.05,CN,1707179020
554,al kharijah,25.4514,30.5464,10.55,47,0,2.87,EG,1707179021
555,letlhakeng,-24.0944,25.0298,26.63,33,52,0.27,BW,1707179021
556,fiche,9.8,38.7333,11.8,65,48,1.64,ET,1707179021
557,mpongwe,-13.5091,28.155,18.21,94,98,0.83,ZM,1707179021
558,bengkulu,-3.8004,102.2655,24.65,90,100,1.61,ID,1707178757
559,chichimila,20.6167,-88.2167,23.03,49,0,4.62,MX,1707178815
560,pemba,-12.974,40.5178,26.37,87,100,3.57,MZ,1707179022
561,al mawsil al jadidah,36.3346,43.0978,8.05,94,93,2.16,IQ,1707179023
562,ontario,34.0633,-117.6509,13.02,92,75,3.13,US,1707179023
563,miass,55.045,60.1083,-14.53,99,48,1.4,RU,1707179023
564,khairpur,27.5295,68.7617,12.0,40,100,3.13,PK,1707178989
565,couzeix,45.8705,1.2383,4.26,100,100,1.54,FR,1707179024
566,bamboo flat,11.7,92.7167,21.05,100,11,0.0,IN,1707178837
567,troina / draginai,37.7854,14.5985,5.51,42,0,3.04,IT,1707179025
568,grand-bourg,15.8835,-61.3148,26.97,82,59,8.6,GP,1707178779
569,savanna-la-mar,18.219,-78.1332,24.4,83,7,5.7,JM,1707179025
570,el sauzal de rodriguez,31.9,-116.6833,16.9,67,100,4.95,MX,1707179025
